media_type,title,release_date,experience,category,experience_score,vote_average,vote_count,adjusted_rating,reception_percentile
movie,Everest,2015-09-10,Adventurous,Story / world experience,99.9,6.826,5325,6.77,71.8
movie,Journey to the Center of the Earth,1959-12-15,Adventurous,Story / world experience,99.8,6.896,525,6.64,61.3
movie,Jungle,2017-06-27,Adventurous,Story / world experience,99.7,6.705,2224,6.65,61.3
movie,The Aeronauts,2019-11-04,Adventurous,Story / world experience,99.5,6.805,1221,6.67,64.3
movie,The Edge,1997-09-06,Adventurous,Story / world experience,98.9,6.861,1353,6.71,67.2
movie,Chemical Hearts,2020-08-21,Bittersweet,Emotion,99.8,7.305,1168,6.91,79.8
movie,Life Itself,2018-09-21,Bittersweet,Emotion,99.8,7.169,644,6.76,70.7
movie,Blue Valentine,2010-12-26,Bittersweet,Emotion,99.5,6.971,3593,6.86,77.2
movie,Biutiful,2010-10-20,Bittersweet,Emotion,99.3,7.245,1239,6.9,79.0
movie,The Light Between Oceans,2016-09-02,Bittersweet,Emotion,99.2,7.063,1443,6.82,75.0
movie,Tetsuo: The Iron Man,1989-07-01,Bizarre,Tone & style,99.8,6.971,728,6.7,66.4
movie,Climax,2018-09-19,Bizarre,Tone & style,99.7,7.038,2378,6.87,77.5
movie,Swiss Army Man,2016-06-24,Bizarre,Tone & style,99.3,6.912,3890,6.82,75.1
movie,The Autopsy of Jane Doe,2016-12-21,Bizarre,Tone & style,99.3,6.843,4855,6.78,72.3
movie,Sinister,2012-10-04,Bizarre,Tone & style,99.0,6.872,6180,6.82,74.8
movie,Chemical Hearts,2020-08-21,Cathartic,After-effect,99.9,7.305,1168,6.91,79.8
movie,Stronger,2017-09-22,Cathartic,After-effect,99.9,6.964,1590,6.78,72.2
movie,Honey Boy,2019-11-07,Cathartic,After-effect,99.8,7.025,747,6.72,68.4
movie,Perfect Sense,2011-09-29,Cathartic,After-effect,99.8,6.87,1276,6.71,67.1
movie,Ordinary People,1980-09-19,Cathartic,After-effect,99.7,7.44,714,6.87,77.7
movie,The Secret: Dare to Dream,2020-04-16,Comforting,Emotion,99.8,7.336,678,6.82,75.1
movie,Perfect Sense,2011-09-29,Comforting,Emotion,99.8,6.87,1276,6.71,67.1
movie,While You Were Sleeping,1995-04-21,Comforting,Emotion,99.6,7.035,2051,6.85,76.5
movie,Mask,1985-03-08,Comforting,Emotion,99.5,7.255,505,6.75,70.1
movie,Sleepless in Seattle,1993-06-24,Comforting,Emotion,99.4,6.742,2658,6.68,64.8
movie,Knick Knack,1989-11-23,Cute,Emotion,100.0,7.001,628,6.69,66.1
movie,Enchanted,2007-11-20,Cute,Emotion,99.9,6.849,5799,6.79,73.2
movie,A Lot Like Love,2005-04-21,Cute,Emotion,99.9,6.834,1390,6.7,66.1
movie,While You Were Sleeping,1995-04-21,Cute,Emotion,99.8,7.035,2051,6.85,76.5
movie,Just Like Heaven,2005-09-16,Cute,Emotion,99.7,6.971,2629,6.83,75.8
movie,Sinister,2012-10-04,Dark,Tone & style,100.0,6.872,6180,6.82,74.8
movie,Vampyr,1932-05-06,Dark,Tone & style,99.9,7.263,605,6.78,72.1
movie,The Autopsy of Jane Doe,2016-12-21,Dark,Tone & style,99.8,6.843,4855,6.78,72.3
movie,Prince of Darkness,1987-10-23,Dark,Tone & style,99.6,6.764,1184,6.65,61.7
movie,Crimson Peak,2015-10-13,Dark,Tone & style,99.6,6.661,5329,6.64,60.6
movie,Death at a Funeral,2007-08-17,Dark humor,Tone & style,99.9,6.921,1957,6.77,71.9
movie,Don't Be a Menace to South Central While Drinking Your Juice in the Hood,1996-01-12,Dark humor,Tone & style,99.8,7.054,1556,6.83,75.4
movie,Four Lions,2010-05-07,Dark humor,Tone & style,99.8,6.952,1312,6.75,70.6
movie,Good Boys,2019-08-14,Dark humor,Tone & style,99.6,6.83,2056,6.72,68.3
movie,White Chicks,2004-06-23,Dark humor,Tone & style,99.5,6.961,4706,6.87,77.8
movie,American Murder: The Family Next Door,2020-09-29,Devastated,After-effect,100.0,7.25,771,6.81,74.7
movie,Eden Lake,2008-09-12,Devastated,After-effect,99.5,6.8,2164,6.71,67.0
movie,mother!,2017-09-13,Devastated,After-effect,99.1,6.95,7225,6.89,78.8
movie,The Nightingale,2018-09-23,Devastated,After-effect,99.1,7.047,688,6.72,68.3
movie,Chemical Hearts,2020-08-21,Devastated,After-effect,98.8,7.305,1168,6.91,79.8
movie,Peaceful Warrior,2006-03-30,Easy to watch,Viewing style,99.7,7.5,497,6.82,74.8
movie,The Secret: Dare to Dream,2020-04-16,Easy to watch,Viewing style,99.5,7.336,678,6.82,75.1
movie,The Kid,2000-07-07,Easy to watch,Viewing style,99.5,6.788,1164,6.66,62.8
movie,Little Boy,2015-04-23,Easy to watch,Viewing style,99.0,7.24,575,6.76,71.1
movie,My Spy,2020-01-09,Easy to watch,Viewing style,98.9,6.861,1419,6.71,67.4
movie,Tolkien,2019-05-03,Epic / grand,Story / world experience,99.6,6.9,1571,6.74,69.8
movie,Cloud Atlas,2012-10-26,Epic / grand,Story / world experience,99.5,6.895,7644,6.85,76.4
movie,Red Cliff,2008-07-10,Epic / grand,Story / world experience,99.4,7.111,906,6.78,72.3
movie,Curse of the Golden Flower,2006-12-14,Epic / grand,Story / world experience,99.4,6.867,841,6.67,64.4
movie,Gallipoli,1981-08-13,Epic / grand,Story / world experience,99.2,7.056,561,6.7,66.6
movie,Peaceful Warrior,2006-03-30,Escapist,Overall experience,100.0,7.5,497,6.82,74.8
movie,Perfect Sense,2011-09-29,Escapist,Overall experience,99.8,6.87,1276,6.71,67.1
movie,Life Itself,2018-09-21,Escapist,Overall experience,99.6,7.169,644,6.76,70.7
movie,Thelma,2017-09-15,Escapist,Overall experience,99.5,6.8,1166,6.67,63.7
movie,Paterson,2016-11-17,Escapist,Overall experience,99.4,7.118,2105,6.91,79.4
movie,Last Year at Marienbad,1961-09-29,Existential,Thinking / engagement,99.6,7.4,552,6.81,74.1
movie,Life Itself,2018-09-21,Existential,Thinking / engagement,99.6,7.169,644,6.76,70.7
movie,Perfect Sense,2011-09-29,Existential,Thinking / engagement,99.6,6.87,1276,6.71,67.1
movie,The Platform,2019-11-08,Existential,Thinking / engagement,99.5,6.965,7970,6.91,79.6
movie,Biutiful,2010-10-20,Existential,Thinking / engagement,99.3,7.245,1239,6.9,79.0
movie,Last Year at Marienbad,1961-09-29,Familiar,Connection,99.9,7.4,552,6.81,74.1
movie,Zelig,1983-07-15,Familiar,Connection,99.8,7.423,934,6.92,80.0
movie,Paterson,2016-11-17,Familiar,Connection,99.8,7.118,2105,6.91,79.4
movie,At Eternity's Gate,2018-11-15,Familiar,Connection,99.8,6.988,1600,6.79,73.1
movie,Perfect Sense,2011-09-29,Familiar,Connection,99.7,6.87,1276,6.71,67.1
movie,21 Bridges,2019-10-24,Fast-paced,Viewing style,99.9,6.773,2207,6.69,65.7
movie,Ronin,1998-09-25,Fast-paced,Viewing style,99.8,6.966,2750,6.83,75.8
movie,Timecrimes,2007-11-01,Fast-paced,Viewing style,99.8,7.017,1510,6.8,73.8
movie,The Negotiator,1998-07-29,Fast-paced,Viewing style,99.7,7.112,2456,6.92,80.0
movie,Non-Stop,2014-02-26,Fast-paced,Viewing style,99.7,6.81,5844,6.76,71.1
movie,Suffragette,2015-10-16,Feminist,Themes / lens,100.0,7.186,1685,6.91,79.8
movie,On the Basis of Sex,2018-12-25,Feminist,Themes / lens,99.9,7.322,1148,6.92,79.9
movie,Wadjda,2012-12-06,Feminist,Themes / lens,99.7,7.22,528,6.74,69.9
movie,Bombshell,2019-12-13,Feminist,Themes / lens,99.6,6.766,3259,6.7,66.8
movie,Transamerica,2005-02-14,Feminist,Themes / lens,99.6,7.004,534,6.68,65.0
movie,Life Itself,2018-09-21,Fulfilled,After-effect,99.8,7.169,644,6.76,70.7
movie,Before We Go,2014-09-04,Fulfilled,After-effect,99.6,6.742,1915,6.66,63.2
movie,Chemical Hearts,2020-08-21,Fulfilled,After-effect,99.5,7.305,1168,6.91,79.8
movie,If Only,2004-01-23,Fulfilled,After-effect,99.5,7.035,668,6.71,67.7
movie,The Half of It,2020-05-01,Fulfilled,After-effect,99.3,7.086,1619,6.85,76.5
movie,Life Itself,2018-09-21,Full of life,Overall experience,99.7,7.169,644,6.76,70.7
movie,Peaceful Warrior,2006-03-30,Full of life,Overall experience,99.2,7.5,497,6.82,74.8
movie,I Can Only Imagine,2018-02-14,Full of life,Overall experience,98.9,7.5,511,6.82,75.0
movie,Soul Surfer,2011-04-08,Full of life,Overall experience,98.5,7.02,1270,6.78,72.4
movie,Pather Panchali,1955-08-26,Full of life,Overall experience,98.4,7.8,504,6.91,79.5
movie,Jumanji: Welcome to the Jungle,2017-12-09,Fun,Overall experience,99.9,6.822,14744,6.8,73.6
movie,Game Night,2018-02-15,Fun,Overall experience,99.9,6.847,6430,6.8,73.5
movie,Galaxy Quest,1999-12-25,Fun,Overall experience,99.8,7.093,2609,6.92,79.8
movie,My Spy,2020-01-09,Fun,Overall experience,99.8,6.861,1419,6.71,67.4
movie,Tag,2018-05-30,Fun,Overall experience,99.6,6.709,3525,6.66,63.6
movie,Jexi,2019-10-10,Funny,Tone & style,99.9,6.749,1314,6.65,61.5
movie,Dumb and Dumber,1994-12-16,Funny,Tone & style,99.9,6.661,6877,6.64,61.0
movie,Good Boys,2019-08-14,Funny,Tone & style,99.8,6.83,2056,6.72,68.3
movie,Best in Show,2000-09-29,Funny,Tone & style,99.8,6.885,694,6.66,63.4
movie,Game Night,2018-02-15,Funny,Tone & style,99.7,6.847,6430,6.8,73.5
movie,Eden Lake,2008-09-12,Gruesome,Tone & style,99.8,6.8,2164,6.71,67.0
movie,Brimstone,2016-03-12,Gruesome,Tone & style,99.6,7.149,1296,6.85,76.7
movie,The Nightingale,2018-09-23,Gruesome,Tone & style,99.6,7.047,688,6.72,68.3
movie,American Murder: The Family Next Door,2020-09-29,Gruesome,Tone & style,99.5,7.25,771,6.81,74.7
movie,An American Crime,2007-07-27,Gruesome,Tone & style,99.3,7.305,786,6.84,76.0
movie,Cool Runnings,1993-10-01,Happy,Emotion,99.8,7.025,2342,6.86,77.0
movie,The Secret: Dare to Dream,2020-04-16,Happy,Emotion,99.7,7.336,678,6.82,75.1
movie,Knick Knack,1989-11-23,Happy,Emotion,99.5,7.001,628,6.69,66.1
movie,Dumplin',2018-12-20,Happy,Emotion,99.5,6.762,1453,6.66,62.8
movie,Perfect Sense,2011-09-29,Happy,Emotion,99.4,6.87,1276,6.71,67.1
movie,The Autopsy of Jane Doe,2016-12-21,Haunting,Overall experience,100.0,6.843,4855,6.78,72.3
movie,The Haunting,1963-03-28,Haunting,Overall experience,100.0,7.1,733,6.75,70.3
movie,The Changeling,1980-03-28,Haunting,Overall experience,100.0,6.984,745,6.71,67.1
movie,A Tale of Two Sisters,2003-06-13,Haunting,Overall experience,99.9,7.107,1381,6.84,76.1
movie,Sinister,2012-10-04,Haunting,Overall experience,99.9,6.872,6180,6.82,74.8
movie,Stronger,2017-09-22,Heart-wrenching,Emotion,99.9,6.964,1590,6.78,72.2
movie,Once Were Warriors,1994-09-02,Heart-wrenching,Emotion,99.9,7.379,507,6.78,72.5
movie,The Nightingale,2018-09-23,Heart-wrenching,Emotion,99.8,7.047,688,6.72,68.3
movie,Chemical Hearts,2020-08-21,Heart-wrenching,Emotion,99.7,7.305,1168,6.91,79.8
movie,Life Itself,2018-09-21,Heart-wrenching,Emotion,99.7,7.169,644,6.76,70.7
movie,Fyre,2019-01-18,High-stakes,Story / world experience,99.9,6.936,1030,6.72,68.1
movie,Deepwater Horizon,2016-09-28,High-stakes,Story / world experience,99.8,6.903,5012,6.83,75.7
movie,The Report,2019-09-12,High-stakes,Story / world experience,99.8,7.035,1184,6.78,72.3
movie,United 93,2006-04-28,High-stakes,Story / world experience,99.7,7.12,1666,6.87,77.8
movie,Margin Call,2011-09-28,High-stakes,Story / world experience,99.7,6.857,2152,6.74,69.8
movie,Peaceful Warrior,2006-03-30,Hopeful,Emotion,99.8,7.5,497,6.82,74.8
movie,The Secret: Dare to Dream,2020-04-16,Hopeful,Emotion,99.6,7.336,678,6.82,75.1
movie,Perfect Sense,2011-09-29,Hopeful,Emotion,99.5,6.87,1276,6.71,67.1
movie,Little Boy,2015-04-23,Hopeful,Emotion,99.4,7.24,575,6.76,71.1
movie,Chemical Hearts,2020-08-21,Hopeful,Emotion,99.2,7.305,1168,6.91,79.8
movie,Three Identical Strangers,2018-06-29,Human / humanistic,Connection,99.7,7.298,836,6.85,76.4
movie,Life Itself,2018-09-21,Human / humanistic,Connection,99.7,7.169,644,6.76,70.7
movie,The Platform,2019-11-08,Human / humanistic,Connection,99.6,6.965,7970,6.91,79.6
movie,The Square,2017-08-25,Human / humanistic,Connection,99.6,6.746,1774,6.66,63.0
movie,Nymphomaniac: Vol. I,2013-12-25,Human / humanistic,Connection,99.3,6.852,3738,6.77,71.9
movie,Life Itself,2018-09-21,Immersive,Overall experience,99.6,7.169,644,6.76,70.7
movie,Cloud Atlas,2012-10-26,Immersive,Overall experience,99.2,6.895,7644,6.85,76.4
movie,The City of Lost Children,1995-05-17,Immersive,Overall experience,99.1,7.248,1250,6.9,79.1
movie,The Professor and the Madman,2019-03-07,Immersive,Overall experience,98.9,7.116,1305,6.84,76.0
movie,The Fountain,2006-11-22,Immersive,Overall experience,98.9,6.903,3191,6.8,73.7
movie,Peaceful Warrior,2006-03-30,Inspired / motivated,After-effect,99.8,7.5,497,6.82,74.8
movie,Rudy,1993-09-17,Inspired / motivated,After-effect,99.7,7.343,778,6.85,76.6
movie,Wild,2014-12-05,Inspired / motivated,After-effect,99.6,7.008,2719,6.86,77.3
movie,I Can Only Imagine,2018-02-14,Inspired / motivated,After-effect,99.2,7.5,511,6.82,75.0
movie,Soul Surfer,2011-04-08,Inspired / motivated,After-effect,99.2,7.02,1270,6.78,72.4
movie,The Piano Teacher,2001-09-05,Intense,Overall experience,99.8,7.259,1326,6.91,79.8
movie,Waves,2019-11-15,Intense,Overall experience,99.7,7.4,833,6.89,78.7
movie,Climax,2018-09-19,Intense,Overall experience,99.7,7.038,2378,6.87,77.5
movie,Shine,1996-08-15,Intense,Overall experience,99.7,7.369,722,6.85,76.4
movie,Perfect Sense,2011-09-29,Intense,Overall experience,99.7,6.87,1276,6.71,67.1
movie,Peaceful Warrior,2006-03-30,Life-affirming,Overall experience,99.9,7.5,497,6.82,74.8
movie,Life Itself,2018-09-21,Life-affirming,Overall experience,99.8,7.169,644,6.76,70.7
movie,I Can Only Imagine,2018-02-14,Life-affirming,Overall experience,99.6,7.5,511,6.82,75.0
movie,Little Boy,2015-04-23,Life-affirming,Overall experience,99.6,7.24,575,6.76,71.1
movie,Facing the Giants,2006-09-29,Life-affirming,Overall experience,99.2,7.561,503,6.84,76.0
movie,Religulous,2008-10-01,Morally complex / gray,Story / world experience,99.9,7.031,667,6.71,67.5
movie,Capitalism: A Love Story,2009-09-06,Morally complex / gray,Story / world experience,99.9,7.056,581,6.7,66.9
movie,The Platform,2019-11-08,Morally complex / gray,Story / world experience,99.8,6.965,7970,6.91,79.6
movie,Sicko,2007-05-18,Morally complex / gray,Story / world experience,99.7,7.352,799,6.86,77.1
movie,Unthinkable,2010-05-26,Morally complex / gray,Story / world experience,99.6,6.814,1501,6.69,65.8
movie,Radio Days,1987-01-30,Nostalgic,Connection,100.0,7.035,670,6.71,67.8
movie,Somewhere in Time,1980-10-02,Nostalgic,Connection,99.9,7.512,684,6.89,78.7
movie,The Umbrellas of Cherbourg,1964-02-19,Nostalgic,Connection,99.7,7.4,905,6.91,79.4
movie,Last Year at Marienbad,1961-09-29,Nostalgic,Connection,99.7,7.4,552,6.81,74.1
movie,The Big Chill,1983-09-30,Nostalgic,Connection,99.3,6.827,664,6.64,60.7
movie,Peaceful Warrior,2006-03-30,Peaceful,After-effect,99.9,7.5,497,6.82,74.8
movie,Life Itself,2018-09-21,Peaceful,After-effect,99.7,7.169,644,6.76,70.7
movie,Leave No Trace,2018-06-29,Peaceful,After-effect,99.7,6.8,1409,6.68,64.9
movie,Before We Go,2014-09-04,Peaceful,After-effect,99.7,6.742,1915,6.66,63.2
movie,Perfect Sense,2011-09-29,Peaceful,After-effect,99.6,6.87,1276,6.71,67.1
movie,The Great Hack,2019-01-26,Political,Themes / lens,99.9,6.867,592,6.64,61.2
movie,Capitalism: A Love Story,2009-09-06,Political,Themes / lens,99.8,7.056,581,6.7,66.9
movie,American Factory,2019-08-21,Political,Themes / lens,99.6,7.185,525,6.73,69.2
movie,The Ides of March,2011-10-07,Political,Themes / lens,99.6,6.68,2778,6.64,60.4
movie,Suffragette,2015-10-16,Political,Themes / lens,99.5,7.186,1685,6.91,79.8
movie,Three Identical Strangers,2018-06-29,Provokes curiosity,Thinking / engagement,99.9,7.298,836,6.85,76.4
movie,Fyre,2019-01-18,Provokes curiosity,Thinking / engagement,99.2,6.936,1030,6.72,68.1
movie,The Stanford Prison Experiment,2015-07-17,Provokes curiosity,Thinking / engagement,99.2,6.804,1010,6.66,62.6
movie,American Murder: The Family Next Door,2020-09-29,Provokes curiosity,Thinking / engagement,98.9,7.25,771,6.81,74.7
movie,The Professor and the Madman,2019-03-07,Provokes curiosity,Thinking / engagement,98.8,7.116,1305,6.84,76.0
movie,Lifted,2006-12-28,Quirky,Tone & style,100.0,7.458,841,6.91,79.8
movie,Knick Knack,1989-11-23,Quirky,Tone & style,100.0,7.001,628,6.69,66.1
movie,Enchanted,2007-11-20,Quirky,Tone & style,99.9,6.849,5799,6.79,73.2
movie,A Lot Like Love,2005-04-21,Quirky,Tone & style,99.9,6.834,1390,6.7,66.1
movie,Serendipity,2001-10-05,Quirky,Tone & style,99.8,6.966,2189,6.81,74.6
movie,Life Itself,2018-09-21,Real / relatable,Connection,99.8,7.169,644,6.76,70.7
movie,Chemical Hearts,2020-08-21,Real / relatable,Connection,99.6,7.305,1168,6.91,79.8
movie,Show Me Love,1998-10-23,Real / relatable,Connection,99.6,7.085,609,6.72,68.1
movie,The Half of It,2020-05-01,Real / relatable,Connection,99.4,7.086,1619,6.85,76.5
movie,Before We Go,2014-09-04,Real / relatable,Connection,99.4,6.742,1915,6.66,63.2
movie,Peaceful Warrior,2006-03-30,Reflective / thought-provoking,Thinking / engagement,99.8,7.5,497,6.82,74.8
movie,Life Itself,2018-09-21,Reflective / thought-provoking,Thinking / engagement,99.6,7.169,644,6.76,70.7
movie,Perfect Sense,2011-09-29,Reflective / thought-provoking,Thinking / engagement,99.5,6.87,1276,6.71,67.1
movie,Thelma,2017-09-15,Reflective / thought-provoking,Thinking / engagement,99.3,6.8,1166,6.67,63.7
movie,The Fountain,2006-11-22,Reflective / thought-provoking,Thinking / engagement,99.2,6.903,3191,6.8,73.7
movie,Addams Family Values,1993-11-19,Rewatchable,Viewing style,99.6,6.981,3385,6.86,77.3
movie,Downton Abbey,2019-09-12,Rewatchable,Viewing style,99.6,7.148,1283,6.85,76.6
movie,Secondhand Lions,2003-09-19,Rewatchable,Viewing style,99.6,7.229,853,6.82,75.0
movie,That Thing You Do!,1996-10-04,Rewatchable,Viewing style,99.6,6.9,946,6.7,66.2
movie,The Kid,2000-07-07,Rewatchable,Viewing style,99.4,6.788,1164,6.66,62.8
movie,Chemical Hearts,2020-08-21,Romantic,Emotion,99.7,7.305,1168,6.91,79.8
movie,The Umbrellas of Cherbourg,1964-02-19,Romantic,Emotion,99.7,7.4,905,6.91,79.4
movie,Letters to Juliet,2010-05-13,Romantic,Emotion,99.7,7.002,3051,6.87,77.5
movie,Blue Valentine,2010-12-26,Romantic,Emotion,99.7,6.971,3593,6.86,77.2
movie,Love Story,1970-12-16,Romantic,Emotion,99.6,6.815,757,6.64,61.1
movie,Unthinkable,2010-05-26,Ruthless / unforgiving,Story / world experience,100.0,6.814,1501,6.69,65.8
movie,Bad Lieutenant,1992-11-20,Ruthless / unforgiving,Story / world experience,99.9,6.987,986,6.74,69.7
movie,The Nightingale,2018-09-23,Ruthless / unforgiving,Story / world experience,99.9,7.047,688,6.72,68.3
movie,Felon,2008-07-17,Ruthless / unforgiving,Story / world experience,99.7,7.1,1014,6.79,73.0
movie,The Stanford Prison Experiment,2015-07-17,Ruthless / unforgiving,Story / world experience,99.7,6.804,1010,6.66,62.6
movie,The Piano Teacher,2001-09-05,Sad / melancholic,Emotion,99.9,7.259,1326,6.91,79.8
movie,Biutiful,2010-10-20,Sad / melancholic,Emotion,99.9,7.245,1239,6.9,79.0
movie,Climax,2018-09-19,Sad / melancholic,Emotion,99.9,7.038,2378,6.87,77.5
movie,A Ghost Story,2017-04-24,Sad / melancholic,Emotion,99.8,7.062,2547,6.89,78.9
movie,Dogtooth,2009-10-22,Sad / melancholic,Emotion,99.7,7.034,2662,6.88,78.0
movie,Sinister,2012-10-04,Scary / frightening,Tone & style,100.0,6.872,6180,6.82,74.8
movie,The Haunting,1963-03-28,Scary / frightening,Tone & style,99.8,7.1,733,6.75,70.3
movie,The Changeling,1980-03-28,Scary / frightening,Tone & style,99.8,6.984,745,6.71,67.1
movie,The Autopsy of Jane Doe,2016-12-21,Scary / frightening,Tone & style,99.7,6.843,4855,6.78,72.3
movie,The Ring,2002-10-18,Scary / frightening,Tone & style,99.7,6.708,6831,6.68,65.2
movie,Knick Knack,1989-11-23,Seasonal,Atmosphere,100.0,7.001,628,6.69,66.1
movie,Joyeux Noel,2005-11-09,Seasonal,Atmosphere,99.3,7.351,947,6.89,78.9
movie,March of the Penguins,2005-01-26,Seasonal,Atmosphere,99.3,7.077,1243,6.81,74.4
movie,White Christmas,1954-10-14,Seasonal,Atmosphere,99.2,7.184,591,6.75,70.3
movie,The Kings of Summer,2013-01-19,Seasonal,Atmosphere,99.0,6.958,1259,6.75,70.5
movie,The Stanford Prison Experiment,2015-07-17,Slow-burn,Viewing style,99.9,6.804,1010,6.66,62.6
movie,Thelma,2017-09-15,Slow-burn,Viewing style,99.8,6.8,1166,6.67,63.7
movie,Never Rarely Sometimes Always,2020-03-13,Slow-burn,Viewing style,99.5,7.121,601,6.73,69.0
movie,Hidden,2015-09-15,Slow-burn,Viewing style,99.3,7.0,1233,6.77,71.5
movie,Paterson,2016-11-17,Slow-burn,Viewing style,99.2,7.118,2105,6.91,79.4
movie,Capitalism: A Love Story,2009-09-06,Socially critical,Themes / lens,100.0,7.056,581,6.7,66.9
movie,Sicko,2007-05-18,Socially critical,Themes / lens,99.8,7.352,799,6.86,77.1
movie,An Inconvenient Truth,2006-05-24,Socially critical,Themes / lens,99.8,6.9,996,6.7,66.6
movie,Cowspiracy: The Sustainability Secret,2014-07-01,Socially critical,Themes / lens,99.7,7.628,527,6.87,77.4
movie,No Man's Land,2001-05-12,Socially critical,Themes / lens,99.7,7.507,517,6.83,75.3
movie,While You Were Sleeping,1995-04-21,Stomach butterflies,Emotion,99.9,7.035,2051,6.85,76.5
movie,Lifted,2006-12-28,Stomach butterflies,Emotion,99.4,7.458,841,6.91,79.8
movie,Chocolat,2000-12-22,Stomach butterflies,Emotion,99.4,6.97,3556,6.86,77.1
movie,Serendipity,2001-10-05,Stomach butterflies,Emotion,99.4,6.966,2189,6.81,74.6
movie,Under the Tuscan Sun,2003-09-20,Stomach butterflies,Emotion,99.3,6.9,998,6.7,66.6
movie,Bound,1996-09-13,Strong chemistry,Connection,99.7,7.233,1135,6.87,77.8
movie,The Negotiator,1998-07-29,Strong chemistry,Connection,98.9,7.112,2456,6.92,80.0
movie,Chemical Hearts,2020-08-21,Strong chemistry,Connection,98.8,7.305,1168,6.91,79.8
movie,A Lot Like Love,2005-04-21,Strong chemistry,Connection,98.8,6.834,1390,6.7,66.1
movie,Body Heat,1981-08-28,Strong chemistry,Connection,98.6,6.98,708,6.7,66.4
movie,I See You,2019-09-11,Suspenseful / tense,Thinking / engagement,100.0,6.979,1699,6.79,73.2
movie,Fractured,2019-09-22,Suspenseful / tense,Thinking / engagement,99.9,6.766,2982,6.7,66.4
movie,Lifeboat,1944-01-28,Suspenseful / tense,Thinking / engagement,99.8,7.357,496,6.77,71.9
movie,The Call,2013-03-14,Suspenseful / tense,Thinking / engagement,99.8,6.788,3119,6.72,68.0
movie,Non-Stop,2014-02-26,Suspenseful / tense,Thinking / engagement,99.7,6.81,5844,6.76,71.1
movie,The Professor and the Madman,2019-03-07,Unforgettable,After-effect,99.8,7.116,1305,6.84,76.0
movie,Life Itself,2018-09-21,Unforgettable,After-effect,99.8,7.169,644,6.76,70.7
movie,Mr. Church,2016-09-16,Unforgettable,After-effect,99.6,7.406,539,6.8,73.9
movie,I Can Only Imagine,2018-02-14,Unforgettable,After-effect,99.3,7.5,511,6.82,75.0
movie,Show Me Love,1998-10-23,Unforgettable,After-effect,99.3,7.085,609,6.72,68.1
movie,Primer,2004-10-08,Unpredictable,Thinking / engagement,99.8,6.746,2515,6.68,64.9
movie,Fractured,2019-09-22,Unpredictable,Thinking / engagement,99.7,6.766,2982,6.7,66.4
movie,Contagion,2011-09-08,Unpredictable,Thinking / engagement,99.7,6.651,6682,6.63,60.2
movie,Triangle,2009-10-16,Unpredictable,Thinking / engagement,99.6,6.909,3100,6.8,73.9
movie,Project Almanac,2015-01-28,Unpredictable,Thinking / engagement,99.5,6.797,2925,6.72,68.3
movie,Sinister,2012-10-04,Unsettled,After-effect,99.7,6.872,6180,6.82,74.8
movie,Perfect Sense,2011-09-29,Unsettled,After-effect,99.7,6.87,1276,6.71,67.1
movie,A Ghost Story,2017-04-24,Unsettled,After-effect,99.5,7.062,2547,6.89,78.9
movie,The Piano Teacher,2001-09-05,Unsettled,After-effect,99.3,7.259,1326,6.91,79.8
movie,Climax,2018-09-19,Unsettled,After-effect,99.3,7.038,2378,6.87,77.5
movie,Sleepless in Seattle,1993-06-24,Warm / tender,Emotion,99.7,6.742,2658,6.68,64.8
movie,Chemical Hearts,2020-08-21,Warm / tender,Emotion,99.6,7.305,1168,6.91,79.8
movie,Blue Valentine,2010-12-26,Warm / tender,Emotion,99.6,6.971,3593,6.86,77.2
movie,Body Heat,1981-08-28,Warm / tender,Emotion,99.6,6.98,708,6.7,66.4
movie,Secretary,2002-09-20,Warm / tender,Emotion,99.5,6.8,1992,6.7,66.5
movie,Chemical Hearts,2020-08-21,Yearning / longing,Emotion,99.8,7.305,1168,6.91,79.8
movie,Perfect Sense,2011-09-29,Yearning / longing,Emotion,99.7,6.87,1276,6.71,67.1
movie,The Half of It,2020-05-01,Yearning / longing,Emotion,99.6,7.086,1619,6.85,76.5
movie,If Only,2004-01-23,Yearning / longing,Emotion,99.3,7.035,668,6.71,67.7
movie,Life Itself,2018-09-21,Yearning / longing,Emotion,99.1,7.169,644,6.76,70.7
tv,Hilda,2018-09-21,Adventurous,Story / world experience,99.8,8.4,248,7.74,76.8
tv,Kipo and the Age of Wonderbeasts,2020-01-14,Adventurous,Story / world experience,99.4,8.191,241,7.66,72.2
tv,Travelers,2016-10-17,Adventurous,Story / world experience,99.4,7.596,890,7.53,61.7
tv,Undone,2019-09-12,Adventurous,Story / world experience,99.2,7.677,393,7.52,61.6
tv,Farscape,1999-03-19,Adventurous,Story / world experience,99.0,7.889,619,7.68,73.0
tv,After Life,2019-03-08,Bittersweet,Emotion,99.3,7.89,1126,7.74,77.1
tv,Mr. Sunshine,2018-07-07,Bittersweet,Emotion,93.2,8.418,196,7.7,74.2
tv,Dash & Lily,2020-11-10,Bittersweet,Emotion,93.0,7.8,365,7.57,64.8
tv,The Haunting of Bly Manor,2020-10-09,Bittersweet,Emotion,92.2,7.56,1457,7.52,60.8
tv,Unorthodox,2020-03-26,Bittersweet,Emotion,90.6,7.714,762,7.59,66.5
tv,The Haunting of Bly Manor,2020-10-09,Bizarre,Tone & style,98.7,7.56,1457,7.52,60.8
tv,Big Mouth,2017-09-29,Bizarre,Tone & style,94.2,7.612,1250,7.55,63.4
tv,Undone,2019-09-12,Bizarre,Tone & style,94.2,7.677,393,7.52,61.6
tv,We Are Who We Are,2020-09-14,Bizarre,Tone & style,94.0,7.699,391,7.53,62.0
tv,Evil,2019-09-26,Bizarre,Tone & style,93.4,7.831,1068,7.7,74.3
tv,After Life,2019-03-08,Cathartic,After-effect,94.9,7.89,1126,7.74,77.1
tv,Unorthodox,2020-03-26,Cathartic,After-effect,93.7,7.714,762,7.59,66.5
tv,After Life,2019-03-08,Comforting,Emotion,99.0,7.89,1126,7.74,77.1
tv,Detectorists,2014-10-02,Comforting,Emotion,98.4,8.144,187,7.61,67.6
tv,Dash & Lily,2020-11-10,Comforting,Emotion,96.8,7.8,365,7.57,64.8
tv,Sweet Magnolias,2020-05-19,Comforting,Emotion,96.3,7.775,269,7.53,62.1
tv,Unorthodox,2020-03-26,Comforting,Emotion,94.9,7.714,762,7.59,66.5
tv,Dash & Lily,2020-11-10,Cute,Emotion,100.0,7.8,365,7.57,64.8
tv,Hilda,2018-09-21,Cute,Emotion,99.5,8.4,248,7.74,76.8
tv,Sweet Magnolias,2020-05-19,Cute,Emotion,97.1,7.775,269,7.53,62.1
tv,Kipo and the Age of Wonderbeasts,2020-01-14,Cute,Emotion,96.8,8.191,241,7.66,72.2
tv,Detectorists,2014-10-02,Cute,Emotion,96.7,8.144,187,7.61,67.6
tv,The Haunting of Bly Manor,2020-10-09,Dark,Tone & style,97.4,7.56,1457,7.52,60.8
tv,Sharp Objects,2018-07-08,Dark,Tone & style,94.1,7.763,1113,7.65,71.5
tv,Penny Dreadful,2014-05-11,Dark,Tone & style,92.8,7.803,1548,7.71,74.4
tv,Big Mouth,2017-09-29,Dark humor,Tone & style,99.8,7.612,1250,7.55,63.4
tv,Impractical Jokers,2011-12-15,Dark humor,Tone & style,99.4,7.949,412,7.65,71.6
tv,Coupling,2000-05-12,Dark humor,Tone & style,98.3,7.946,345,7.63,69.4
tv,Insatiable,2018-08-10,Dark humor,Tone & style,97.8,7.749,1710,7.67,72.6
tv,Ghosts,2019-04-15,Dark humor,Tone & style,97.6,7.915,258,7.58,65.8
tv,13 Reasons Why,2017-03-31,Devastated,After-effect,99.8,7.531,4634,7.52,60.7
tv,The Haunting of Bly Manor,2020-10-09,Devastated,After-effect,99.6,7.56,1457,7.52,60.8
tv,Sharp Objects,2018-07-08,Devastated,After-effect,99.5,7.763,1113,7.65,71.5
tv,Manifest,2018-09-24,Devastated,After-effect,98.4,7.614,1840,7.57,64.6
tv,Power Book II: Ghost,2020-09-06,Devastated,After-effect,97.9,8.209,368,7.75,77.4
tv,How to Sell Drugs Online (Fast),2019-05-31,Easy to watch,Viewing style,96.9,7.879,962,7.72,75.2
tv,Sweet Magnolias,2020-05-19,Easy to watch,Viewing style,96.7,7.775,269,7.53,62.1
tv,Spinning Out,2020-01-01,Easy to watch,Viewing style,96.5,7.862,327,7.59,66.1
tv,Mr Inbetween,2018-09-25,Easy to watch,Viewing style,96.0,8.276,351,7.77,78.1
tv,Upload,2020-04-30,Easy to watch,Viewing style,95.5,7.772,1474,7.68,73.4
tv,Mr. Sunshine,2018-07-07,Epic / grand,Story / world experience,99.3,8.418,196,7.7,74.2
tv,Blood of Zeus,2020-10-27,Epic / grand,Story / world experience,99.1,7.767,634,7.61,67.8
tv,John Adams,2008-03-16,Epic / grand,Story / world experience,98.9,7.676,341,7.51,60.2
tv,The Vietnam War,2017-09-17,Epic / grand,Story / world experience,98.7,8.229,223,7.66,72.0
tv,Carnival Row,2019-08-29,Epic / grand,Story / world experience,97.0,7.678,1444,7.61,67.7
tv,After Life,2019-03-08,Escapist,Overall experience,98.7,7.89,1126,7.74,77.1
tv,Undone,2019-09-12,Escapist,Overall experience,98.7,7.677,393,7.52,61.6
tv,Unorthodox,2020-03-26,Escapist,Overall experience,97.1,7.714,762,7.59,66.5
tv,Detectorists,2014-10-02,Escapist,Overall experience,96.8,8.144,187,7.61,67.6
tv,Upload,2020-04-30,Escapist,Overall experience,96.6,7.772,1474,7.68,73.4
tv,Undone,2019-09-12,Existential,Thinking / engagement,98.7,7.677,393,7.52,61.6
tv,After Life,2019-03-08,Existential,Thinking / engagement,98.4,7.89,1126,7.74,77.1
tv,Unorthodox,2020-03-26,Existential,Thinking / engagement,98.4,7.714,762,7.59,66.5
tv,Don't F**k with Cats: Hunting an Internet Killer,2019-12-18,Existential,Thinking / engagement,95.3,7.595,677,7.51,60.3
tv,Jesus of Nazareth,1977-03-27,Existential,Thinking / engagement,95.2,7.833,565,7.63,69.7
tv,Unorthodox,2020-03-26,Familiar,Connection,94.8,7.714,762,7.59,66.5
tv,Don't F**k with Cats: Hunting an Internet Killer,2019-12-18,Familiar,Connection,93.0,7.595,677,7.51,60.3
tv,Undone,2019-09-12,Familiar,Connection,91.8,7.677,393,7.52,61.6
tv,Alex Rider,2020-11-12,Fast-paced,Viewing style,98.2,7.8,371,7.57,65.1
tv,Travelers,2016-10-17,Fast-paced,Viewing style,98.1,7.596,890,7.53,61.7
tv,Ragnarok,2020-01-31,Fast-paced,Viewing style,96.9,7.75,1143,7.65,71.1
tv,Godless,2017-11-22,Fast-paced,Viewing style,96.6,7.741,735,7.61,67.4
tv,Mr Inbetween,2018-09-25,Fast-paced,Viewing style,96.0,8.276,351,7.77,78.1
tv,Unorthodox,2020-03-26,Feminist,Themes / lens,99.6,7.714,762,7.59,66.5
tv,The L Word,2004-01-18,Feminist,Themes / lens,99.2,7.663,869,7.57,64.4
tv,Motherland: Fort Salem,2020-03-18,Feminist,Themes / lens,98.8,7.915,551,7.68,72.9
tv,Gentleman Jack,2019-04-22,Feminist,Themes / lens,97.1,7.8,213,7.52,61.1
tv,For All Mankind,2019-11-01,Feminist,Themes / lens,96.8,7.746,1019,7.64,69.8
tv,Mr. Sunshine,2018-07-07,Fulfilled,After-effect,99.3,8.418,196,7.7,74.2
tv,After Life,2019-03-08,Fulfilled,After-effect,98.8,7.89,1126,7.74,77.1
tv,My Brilliant Friend,2018-11-27,Fulfilled,After-effect,98.7,8.105,242,7.64,70.2
tv,Unorthodox,2020-03-26,Fulfilled,After-effect,98.1,7.714,762,7.59,66.5
tv,Detectorists,2014-10-02,Fulfilled,After-effect,97.6,8.144,187,7.61,67.6
tv,After Life,2019-03-08,Full of life,Overall experience,99.6,7.89,1126,7.74,77.1
tv,Mr. Sunshine,2018-07-07,Full of life,Overall experience,99.5,8.418,196,7.7,74.2
tv,My Brilliant Friend,2018-11-27,Full of life,Overall experience,99.4,8.105,242,7.64,70.2
tv,Hilda,2018-09-21,Full of life,Overall experience,99.0,8.4,248,7.74,76.8
tv,Unorthodox,2020-03-26,Full of life,Overall experience,98.9,7.714,762,7.59,66.5
tv,Kipo and the Age of Wonderbeasts,2020-01-14,Fun,Overall experience,99.8,8.191,241,7.66,72.2
tv,Ghosts,2019-04-15,Fun,Overall experience,99.7,7.915,258,7.58,65.8
tv,Detectorists,2014-10-02,Fun,Overall experience,99.4,8.144,187,7.61,67.6
tv,How to Sell Drugs Online (Fast),2019-05-31,Fun,Overall experience,99.2,7.879,962,7.72,75.2
tv,Teenage Bounty Hunters,2020-08-14,Fun,Overall experience,99.1,7.686,376,7.52,61.7
tv,Impractical Jokers,2011-12-15,Funny,Tone & style,100.0,7.949,412,7.65,71.6
tv,Ghosts,2019-04-15,Funny,Tone & style,99.5,7.915,258,7.58,65.8
tv,Big Mouth,2017-09-29,Funny,Tone & style,99.0,7.612,1250,7.55,63.4
tv,Letterkenny,2016-02-07,Funny,Tone & style,98.3,7.913,212,7.56,63.6
tv,What We Do in the Shadows,2019-03-27,Funny,Tone & style,98.0,7.988,1040,7.8,79.2
tv,Don't F**k with Cats: Hunting an Internet Killer,2019-12-18,Gruesome,Tone & style,97.0,7.595,677,7.51,60.3
tv,Gangs of London,2020-04-23,Gruesome,Tone & style,96.1,7.817,698,7.65,71.2
tv,The Haunting of Bly Manor,2020-10-09,Gruesome,Tone & style,95.9,7.56,1457,7.52,60.8
tv,Sharp Objects,2018-07-08,Gruesome,Tone & style,95.4,7.763,1113,7.65,71.5
tv,Fear the Walking Dead,2015-08-23,Gruesome,Tone & style,91.8,7.61,5232,7.59,66.5
tv,After Life,2019-03-08,Happy,Emotion,98.4,7.89,1126,7.74,77.1
tv,Detectorists,2014-10-02,Happy,Emotion,96.5,8.144,187,7.61,67.6
tv,Dash & Lily,2020-11-10,Happy,Emotion,92.8,7.8,365,7.57,64.8
tv,Hilda,2018-09-21,Happy,Emotion,92.2,8.4,248,7.74,76.8
tv,The Haunting of Bly Manor,2020-10-09,Haunting,Overall experience,96.9,7.56,1457,7.52,60.8
tv,Sharp Objects,2018-07-08,Haunting,Overall experience,92.5,7.763,1113,7.65,71.5
tv,Don't F**k with Cats: Hunting an Internet Killer,2019-12-18,Haunting,Overall experience,90.5,7.595,677,7.51,60.3
tv,Making a Murderer,2015-12-18,Heart-wrenching,Emotion,98.4,7.842,589,7.64,70.9
tv,Unbelievable,2019-09-13,Heart-wrenching,Emotion,98.0,7.898,841,7.72,75.2
tv,After Life,2019-03-08,Heart-wrenching,Emotion,97.7,7.89,1126,7.74,77.1
tv,Mr. Sunshine,2018-07-07,Heart-wrenching,Emotion,97.1,8.418,196,7.7,74.2
tv,Unorthodox,2020-03-26,Heart-wrenching,Emotion,96.5,7.714,762,7.59,66.5
tv,Making a Murderer,2015-12-18,High-stakes,Story / world experience,99.8,7.842,589,7.64,70.9
tv,Don't F**k with Cats: Hunting an Internet Killer,2019-12-18,High-stakes,Story / world experience,98.7,7.595,677,7.51,60.3
tv,John Adams,2008-03-16,High-stakes,Story / world experience,98.7,7.676,341,7.51,60.2
tv,Wild Wild Country,2018-03-16,High-stakes,Story / world experience,98.6,7.712,311,7.52,61.2
tv,Bodyguard,2018-08-26,High-stakes,Story / world experience,98.1,7.772,1203,7.67,72.3
tv,After Life,2019-03-08,Hopeful,Emotion,97.4,7.89,1126,7.74,77.1
tv,Looking for Alaska,2019-10-19,Hopeful,Emotion,95.6,7.852,628,7.66,71.8
tv,Unorthodox,2020-03-26,Hopeful,Emotion,94.9,7.714,762,7.59,66.5
tv,Detectorists,2014-10-02,Hopeful,Emotion,94.5,8.144,187,7.61,67.6
tv,Undone,2019-09-12,Hopeful,Emotion,93.3,7.677,393,7.52,61.6
tv,Unorthodox,2020-03-26,Human / humanistic,Connection,99.2,7.714,762,7.59,66.5
tv,Wild Wild Country,2018-03-16,Human / humanistic,Connection,97.6,7.712,311,7.52,61.2
tv,Don't F**k with Cats: Hunting an Internet Killer,2019-12-18,Human / humanistic,Connection,95.6,7.595,677,7.51,60.3
tv,Undone,2019-09-12,Human / humanistic,Connection,93.9,7.677,393,7.52,61.6
tv,After Life,2019-03-08,Human / humanistic,Connection,91.8,7.89,1126,7.74,77.1
tv,My Brilliant Friend,2018-11-27,Immersive,Overall experience,99.8,8.105,242,7.64,70.2
tv,The Dark Crystal: Age of Resistance,2019-08-30,Immersive,Overall experience,99.7,7.828,450,7.61,67.5
tv,Unorthodox,2020-03-26,Immersive,Overall experience,99.7,7.714,762,7.59,66.5
tv,Undone,2019-09-12,Immersive,Overall experience,99.6,7.677,393,7.52,61.6
tv,Mr. Sunshine,2018-07-07,Immersive,Overall experience,99.4,8.418,196,7.7,74.2
tv,Undone,2019-09-12,Inspired / motivated,After-effect,99.4,7.677,393,7.52,61.6
tv,Unorthodox,2020-03-26,Inspired / motivated,After-effect,99.3,7.714,762,7.59,66.5
tv,We Are Who We Are,2020-09-14,Inspired / motivated,After-effect,98.5,7.699,391,7.53,62.0
tv,Motherland: Fort Salem,2020-03-18,Inspired / motivated,After-effect,98.2,7.915,551,7.68,72.9
tv,Sense8,2015-06-05,Inspired / motivated,After-effect,98.1,7.728,1916,7.66,71.9
tv,Unbelievable,2019-09-13,Intense,Overall experience,97.9,7.898,841,7.72,75.2
tv,Unorthodox,2020-03-26,Intense,Overall experience,97.7,7.714,762,7.59,66.5
tv,My Brilliant Friend,2018-11-27,Intense,Overall experience,97.5,8.105,242,7.64,70.2
tv,Mr. Sunshine,2018-07-07,Intense,Overall experience,96.6,8.418,196,7.7,74.2
tv,Don't F**k with Cats: Hunting an Internet Killer,2019-12-18,Intense,Overall experience,96.0,7.595,677,7.51,60.3
tv,After Life,2019-03-08,Life-affirming,Overall experience,98.7,7.89,1126,7.74,77.1
tv,Unorthodox,2020-03-26,Life-affirming,Overall experience,97.2,7.714,762,7.59,66.5
tv,Jesus of Nazareth,1977-03-27,Life-affirming,Overall experience,96.1,7.833,565,7.63,69.7
tv,Detectorists,2014-10-02,Life-affirming,Overall experience,95.7,8.144,187,7.61,67.6
tv,My Brilliant Friend,2018-11-27,Life-affirming,Overall experience,94.6,8.105,242,7.64,70.2
tv,Locke & Key,2020-02-07,Morally complex / gray,Story / world experience,96.0,7.736,1494,7.65,71.7
tv,Nancy Drew,2019-10-09,Morally complex / gray,Story / world experience,90.6,7.704,311,7.52,60.6
tv,Unorthodox,2020-03-26,Nostalgic,Connection,90.6,7.714,762,7.59,66.5
tv,Detectorists,2014-10-02,Peaceful,After-effect,98.7,8.144,187,7.61,67.6
tv,After Life,2019-03-08,Peaceful,After-effect,98.6,7.89,1126,7.74,77.1
tv,Sweet Magnolias,2020-05-19,Peaceful,After-effect,94.3,7.775,269,7.53,62.1
tv,Unorthodox,2020-03-26,Peaceful,After-effect,94.2,7.714,762,7.59,66.5
tv,Mr. Sunshine,2018-07-07,Peaceful,After-effect,92.8,8.418,196,7.7,74.2
tv,John Adams,2008-03-16,Political,Themes / lens,99.4,7.676,341,7.51,60.2
tv,The Vietnam War,2017-09-17,Political,Themes / lens,99.0,8.229,223,7.66,72.0
tv,Last Week Tonight with John Oliver,2014-04-27,Political,Themes / lens,98.7,7.771,833,7.64,69.9
tv,The Young Pope,2016-10-21,Political,Themes / lens,98.6,7.691,671,7.57,64.5
tv,For All Mankind,2019-11-01,Political,Themes / lens,98.4,7.746,1019,7.64,69.8
tv,Don't F**k with Cats: Hunting an Internet Killer,2019-12-18,Provokes curiosity,Thinking / engagement,100.0,7.595,677,7.51,60.3
tv,Wild Wild Country,2018-03-16,Provokes curiosity,Thinking / engagement,99.8,7.712,311,7.52,61.2
tv,Making a Murderer,2015-12-18,Provokes curiosity,Thinking / engagement,99.6,7.842,589,7.64,70.9
tv,Unorthodox,2020-03-26,Provokes curiosity,Thinking / engagement,99.4,7.714,762,7.59,66.5
tv,The Vietnam War,2017-09-17,Provokes curiosity,Thinking / engagement,99.3,8.229,223,7.66,72.0
tv,Dash & Lily,2020-11-10,Quirky,Tone & style,99.7,7.8,365,7.57,64.8
tv,Pushing Daisies,2007-10-03,Quirky,Tone & style,99.6,7.877,480,7.64,70.4
tv,Hilda,2018-09-21,Quirky,Tone & style,99.4,8.4,248,7.74,76.8
tv,Detectorists,2014-10-02,Quirky,Tone & style,98.5,8.144,187,7.61,67.6
tv,Big Mouth,2017-09-29,Quirky,Tone & style,98.5,7.612,1250,7.55,63.4
tv,After Life,2019-03-08,Real / relatable,Connection,99.2,7.89,1126,7.74,77.1
tv,Unorthodox,2020-03-26,Real / relatable,Connection,99.0,7.714,762,7.59,66.5
tv,Undone,2019-09-12,Real / relatable,Connection,98.1,7.677,393,7.52,61.6
tv,My Brilliant Friend,2018-11-27,Real / relatable,Connection,97.1,8.105,242,7.64,70.2
tv,The L Word,2004-01-18,Real / relatable,Connection,97.0,7.663,869,7.57,64.4
tv,Undone,2019-09-12,Reflective / thought-provoking,Thinking / engagement,98.9,7.677,393,7.52,61.6
tv,Unorthodox,2020-03-26,Reflective / thought-provoking,Thinking / engagement,98.5,7.714,762,7.59,66.5
tv,After Life,2019-03-08,Reflective / thought-provoking,Thinking / engagement,95.8,7.89,1126,7.74,77.1
tv,Wild Wild Country,2018-03-16,Reflective / thought-provoking,Thinking / engagement,95.3,7.712,311,7.52,61.2
tv,The Young Pope,2016-10-21,Reflective / thought-provoking,Thinking / engagement,94.9,7.691,671,7.57,64.5
tv,Detectorists,2014-10-02,Rewatchable,Viewing style,99.9,8.144,187,7.61,67.6
tv,Hilda,2018-09-21,Rewatchable,Viewing style,99.7,8.4,248,7.74,76.8
tv,Forever,2014-09-22,Rewatchable,Viewing style,99.2,7.809,656,7.64,70.1
tv,Mr Inbetween,2018-09-25,Rewatchable,Viewing style,99.1,8.276,351,7.77,78.1
tv,Pushing Daisies,2007-10-03,Rewatchable,Viewing style,99.1,7.877,480,7.64,70.4
tv,Mr. Sunshine,2018-07-07,Romantic,Emotion,97.6,8.418,196,7.7,74.2
tv,My Brilliant Friend,2018-11-27,Romantic,Emotion,97.5,8.105,242,7.64,70.2
tv,North & South,2004-11-14,Romantic,Emotion,96.9,8.118,208,7.62,68.6
tv,Dash & Lily,2020-11-10,Romantic,Emotion,95.1,7.8,365,7.57,64.8
tv,Unorthodox,2020-03-26,Romantic,Emotion,94.2,7.714,762,7.59,66.5
tv,Making a Murderer,2015-12-18,Ruthless / unforgiving,Story / world experience,99.9,7.842,589,7.64,70.9
tv,Gangs of London,2020-04-23,Ruthless / unforgiving,Story / world experience,99.7,7.817,698,7.65,71.2
tv,The Fall,2013-05-12,Ruthless / unforgiving,Story / world experience,99.3,7.676,996,7.59,66.0
tv,Don't F**k with Cats: Hunting an Internet Killer,2019-12-18,Ruthless / unforgiving,Story / world experience,99.2,7.595,677,7.51,60.3
tv,Locke & Key,2020-02-07,Ruthless / unforgiving,Story / world experience,99.0,7.736,1494,7.65,71.7
tv,The Haunting of Bly Manor,2020-10-09,Sad / melancholic,Emotion,98.4,7.56,1457,7.52,60.8
tv,After Life,2019-03-08,Sad / melancholic,Emotion,92.6,7.89,1126,7.74,77.1
tv,Sharp Objects,2018-07-08,Sad / melancholic,Emotion,90.8,7.763,1113,7.65,71.5
tv,Don't F**k with Cats: Hunting an Internet Killer,2019-12-18,Scary / frightening,Tone & style,94.3,7.595,677,7.51,60.3
tv,The Haunting of Bly Manor,2020-10-09,Scary / frightening,Tone & style,93.0,7.56,1457,7.52,60.8
tv,Hilda,2018-09-21,Seasonal,Atmosphere,99.8,8.4,248,7.74,76.8
tv,Poldark,2015-03-08,Seasonal,Atmosphere,99.8,7.755,327,7.54,62.8
tv,Sweet Magnolias,2020-05-19,Seasonal,Atmosphere,99.4,7.775,269,7.53,62.1
tv,Travelers,2016-10-17,Seasonal,Atmosphere,99.4,7.596,890,7.53,61.7
tv,One Tree Hill,2003-09-23,Seasonal,Atmosphere,99.3,7.819,618,7.64,70.0
tv,Sharp Objects,2018-07-08,Slow-burn,Viewing style,99.5,7.763,1113,7.65,71.5
tv,Warrior Nun,2020-07-02,Slow-burn,Viewing style,98.1,7.887,1331,7.76,77.5
tv,The Haunting of Bly Manor,2020-10-09,Slow-burn,Viewing style,97.0,7.56,1457,7.52,60.8
tv,The Fall,2013-05-12,Slow-burn,Viewing style,96.9,7.676,996,7.59,66.0
tv,Locke & Key,2020-02-07,Slow-burn,Viewing style,96.4,7.736,1494,7.65,71.7
tv,The Vietnam War,2017-09-17,Socially critical,Themes / lens,93.5,8.229,223,7.66,72.0
tv,Wild Wild Country,2018-03-16,Socially critical,Themes / lens,91.8,7.712,311,7.52,61.2
tv,Last Week Tonight with John Oliver,2014-04-27,Socially critical,Themes / lens,90.3,7.771,833,7.64,69.9
tv,Hilda,2018-09-21,Stomach butterflies,Emotion,99.6,8.4,248,7.74,76.8
tv,After Life,2019-03-08,Stomach butterflies,Emotion,99.5,7.89,1126,7.74,77.1
tv,Dash & Lily,2020-11-10,Stomach butterflies,Emotion,99.1,7.8,365,7.57,64.8
tv,Detectorists,2014-10-02,Stomach butterflies,Emotion,98.8,8.144,187,7.61,67.6
tv,Pushing Daisies,2007-10-03,Stomach butterflies,Emotion,98.7,7.877,480,7.64,70.4
tv,Mr. Sunshine,2018-07-07,Strong chemistry,Connection,99.6,8.418,196,7.7,74.2
tv,Happy Valley,2014-04-29,Strong chemistry,Connection,99.6,7.938,410,7.65,71.3
tv,My Brilliant Friend,2018-11-27,Strong chemistry,Connection,99.5,8.105,242,7.64,70.2
tv,North & South,2004-11-14,Strong chemistry,Connection,99.1,8.118,208,7.62,68.6
tv,Detectorists,2014-10-02,Strong chemistry,Connection,99.1,8.144,187,7.61,67.6
tv,Bodyguard,2018-08-26,Suspenseful / tense,Thinking / engagement,99.2,7.772,1203,7.67,72.3
tv,Sharp Objects,2018-07-08,Suspenseful / tense,Thinking / engagement,99.0,7.763,1113,7.65,71.5
tv,Taboo,2017-01-07,Suspenseful / tense,Thinking / engagement,98.1,7.898,1517,7.78,78.2
tv,The Fall,2013-05-12,Suspenseful / tense,Thinking / engagement,98.0,7.676,996,7.59,66.0
tv,Undone,2019-09-12,Suspenseful / tense,Thinking / engagement,97.2,7.677,393,7.52,61.6
tv,My Brilliant Friend,2018-11-27,Unforgettable,After-effect,99.5,8.105,242,7.64,70.2
tv,Mr. Sunshine,2018-07-07,Unforgettable,After-effect,99.4,8.418,196,7.7,74.2
tv,Jesus of Nazareth,1977-03-27,Unforgettable,After-effect,97.2,7.833,565,7.63,69.7
tv,Unorthodox,2020-03-26,Unforgettable,After-effect,96.9,7.714,762,7.59,66.5
tv,The Dark Crystal: Age of Resistance,2019-08-30,Unforgettable,After-effect,96.1,7.828,450,7.61,67.5
tv,Manifest,2018-09-24,Unpredictable,Thinking / engagement,99.9,7.614,1840,7.57,64.6
tv,Locke & Key,2020-02-07,Unpredictable,Thinking / engagement,99.2,7.736,1494,7.65,71.7
tv,The Haunting of Bly Manor,2020-10-09,Unpredictable,Thinking / engagement,98.8,7.56,1457,7.52,60.8
tv,Warrior Nun,2020-07-02,Unpredictable,Thinking / engagement,95.6,7.887,1331,7.76,77.5
tv,Sharp Objects,2018-07-08,Unpredictable,Thinking / engagement,95.6,7.763,1113,7.65,71.5
tv,The Haunting of Bly Manor,2020-10-09,Unsettled,After-effect,98.0,7.56,1457,7.52,60.8
tv,Don't F**k with Cats: Hunting an Internet Killer,2019-12-18,Unsettled,After-effect,94.0,7.595,677,7.51,60.3
tv,Sharp Objects,2018-07-08,Unsettled,After-effect,93.4,7.763,1113,7.65,71.5
tv,Dash & Lily,2020-11-10,Warm / tender,Emotion,98.5,7.8,365,7.57,64.8
tv,After Life,2019-03-08,Warm / tender,Emotion,97.6,7.89,1126,7.74,77.1
tv,Mr. Sunshine,2018-07-07,Warm / tender,Emotion,96.2,8.418,196,7.7,74.2
tv,North & South,2004-11-14,Warm / tender,Emotion,96.1,8.118,208,7.62,68.6
tv,The L Word,2004-01-18,Warm / tender,Emotion,95.8,7.663,869,7.57,64.4
tv,Unorthodox,2020-03-26,Yearning / longing,Emotion,97.2,7.714,762,7.59,66.5
tv,My Brilliant Friend,2018-11-27,Yearning / longing,Emotion,94.4,8.105,242,7.64,70.2
tv,Mr. Sunshine,2018-07-07,Yearning / longing,Emotion,93.4,8.418,196,7.7,74.2
tv,Undone,2019-09-12,Yearning / longing,Emotion,91.3,7.677,393,7.52,61.6
